Diocese,School Year,Enrollment
"Albany, NY",11-12,6478
"Albany, NY",13-14,6373
"Albany, NY",15-16,4745
"Albany, NY",17-18,5298
"Albany, NY",19-20,4164
"Albany, NY",21-22,3956
"Alexandria, LA",11-12,2522
"Alexandria, LA",13-14,2488
"Alexandria, LA",15-16,2704
"Alexandria, LA",17-18,2635
"Alexandria, LA",19-20,2275
"Alexandria, LA",21-22,1963
"Allentown, PA",11-12,11120
"Allentown, PA",13-14,10207
"Allentown, PA",15-16,9933
"Allentown, PA",17-18,10254
"Allentown, PA",19-20,10267
"Allentown, PA",21-22,7098
"Altoona-Johnstown, PA",11-12,4271
"Altoona-Johnstown, PA",13-14,4481
"Altoona-Johnstown, PA",15-16,4037
"Altoona-Johnstown, PA",17-18,3403
"Altoona-Johnstown, PA",19-20,2094
"Altoona-Johnstown, PA",21-22,3104
"Amarillo, TX",11-12,670
"Amarillo, TX",13-14,761
"Amarillo, TX",15-16,925
"Amarillo, TX",17-18,864
"Amarillo, TX",19-20,795
"Amarillo, TX",21-22,535
"Anchorage, AK",11-12,481
"Anchorage, AK",13-14,407
"Anchorage, AK",15-16,444
"Anchorage, AK",17-18,517
"Anchorage, AK",19-20,435
"Anchorage, AK",21-22,451
"Arlington, VA",11-12,16283
"Arlington, VA",13-14,15236
"Arlington, VA",15-16,14304
"Arlington, VA",17-18,14539
"Arlington, VA",19-20,13786
"Arlington, VA",21-22,16889
"Atlanta, GA",11-12,11853
"Atlanta, GA",13-14,11410
"Atlanta, GA",15-16,9243
"Atlanta, GA",17-18,11727
"Atlanta, GA",19-20,9768
"Atlanta, GA",21-22,9437
"Austin, TX",11-12,5150
"Austin, TX",13-14,4823
"Austin, TX",15-16,5177
"Austin, TX",17-18,5633
"Austin, TX",19-20,4999
"Austin, TX",21-22,5523
"Baker, OR",11-12,232
"Baker, OR",13-14,246
"Baker, OR",15-16,314
"Baker, OR",17-18,259
"Baker, OR",19-20,531
"Baker, OR",21-22,554
"Baltimore, MD",11-12,27543
"Baltimore, MD",13-14,24240
"Baltimore, MD",15-16,22172
"Baltimore, MD",17-18,25163
"Baltimore, MD",19-20,23562
"Baltimore, MD",21-22,24774
"Baton Rouge, LA",11-12,12521
"Baton Rouge, LA",13-14,12144
"Baton Rouge, LA",15-16,10691
"Baton Rouge, LA",17-18,13498
"Baton Rouge, LA",19-20,8990
"Baton Rouge, LA",21-22,10383
"Beaumont, TX",11-12,1426
"Beaumont, TX",13-14,1334
"Beaumont, TX",15-16,1333
"Beaumont, TX",17-18,1467
"Beaumont, TX",19-20,1383
"Beaumont, TX",21-22,1123
"Belleville, IL",11-12,5790
"Belleville, IL",13-14,5782
"Belleville, IL",15-16,5779
"Belleville, IL",17-18,4939
"Belleville, IL",19-20,4797
"Belleville, IL",21-22,5175
"Biloxi, MS",11-12,4056
"Biloxi, MS",13-14,3691
"Biloxi, MS",15-16,2700
"Biloxi, MS",17-18,3494
"Biloxi, MS",19-20,4063
"Biloxi, MS",21-22,4331
"Birmingham, AL",11-12,5768
"Birmingham, AL",13-14,5574
"Birmingham, AL",15-16,5257
"Birmingham, AL",17-18,5112
"Birmingham, AL",19-20,4221
"Birmingham, AL",21-22,4290
"Bismarck, ND",11-12,2789
"Bismarck, ND",13-14,2424
"Bismarck, ND",15-16,2598
"Bismarck, ND",17-18,2769
"Bismarck, ND",19-20,2774
"Bismarck, ND",21-22,4762
"Boise, ID",11-12,3137
"Boise, ID",13-14,3288
"Boise, ID",15-16,3233
"Boise, ID",17-18,3493
"Boise, ID",19-20,3764
"Boise, ID",21-22,4138
"Boston, MA",11-12,40908
"Boston, MA",13-14,38072
"Boston, MA",15-16,32504
"Boston, MA",17-18,30505
"Boston, MA",19-20,26810
"Boston, MA",21-22,26109
"Bridgeport, CT",11-12,11038
"Bridgeport, CT",13-14,10223
"Bridgeport, CT",15-16,9414
"Bridgeport, CT",17-18,7550
"Bridgeport, CT",19-20,6622
"Bridgeport, CT",21-22,7394
"Brooklyn, NY",11-12,41152
"Brooklyn, NY",13-14,38780
"Brooklyn, NY",15-16,34952
"Brooklyn, NY",17-18,32013
"Brooklyn, NY",19-20,24965
"Brooklyn, NY",21-22,25778
"Brownsville, TX",11-12,4211
"Brownsville, TX",13-14,3427
"Brownsville, TX",15-16,3057
"Brownsville, TX",17-18,2411
"Brownsville, TX",19-20,2085
"Brownsville, TX",21-22,1365
"Buffalo, NY",11-12,15293
"Buffalo, NY",13-14,12869
"Buffalo, NY",15-16,12267
"Buffalo, NY",17-18,10725
"Buffalo, NY",19-20,5710
"Buffalo, NY",21-22,8198
"Burlington, VT",11-12,2043
"Burlington, VT",13-14,2039
"Burlington, VT",15-16,1738
"Burlington, VT",17-18,1865
"Burlington, VT",19-20,1795
"Burlington, VT",21-22,1460
"Camden, NJ",11-12,15774
"Camden, NJ",13-14,13391
"Camden, NJ",15-16,12010
"Camden, NJ",17-18,10841
"Camden, NJ",19-20,8614
"Camden, NJ",21-22,8921
"Charleston, SC",11-12,6283
"Charleston, SC",13-14,5795
"Charleston, SC",15-16,5789
"Charleston, SC",17-18,6189
"Charleston, SC",19-20,5424
"Charleston, SC",21-22,5666
"Charlotte, NC",11-12,7801
"Charlotte, NC",13-14,6128
"Charlotte, NC",15-16,6061
"Charlotte, NC",17-18,6117
"Charlotte, NC",19-20,4957
"Charlotte, NC",21-22,6327
"Cheyenne, WY",11-12,990
"Cheyenne, WY",13-14,998
"Cheyenne, WY",15-16,792
"Cheyenne, WY",17-18,678
"Cheyenne, WY",19-20,935
"Cheyenne, WY",21-22,513
"Chicago, IL",11-12,84683
"Chicago, IL",13-14,76305
"Chicago, IL",15-16,62346
"Chicago, IL",17-18,60878
"Chicago, IL",19-20,51084
"Chicago, IL",21-22,50439
"Cincinnati, OH",11-12,41773
"Cincinnati, OH",13-14,38378
"Cincinnati, OH",15-16,36389
"Cincinnati, OH",17-18,37888
"Cincinnati, OH",19-20,31203
"Cincinnati, OH",21-22,34677
"Cleveland, OH",11-12,42921
"Cleveland, OH",13-14,37842
"Cleveland, OH",15-16,37637
"Cleveland, OH",17-18,34894
"Cleveland, OH",19-20,30100
"Cleveland, OH",21-22,33192
"Colorado Springs, CO",11-12,1587
"Colorado Springs, CO",13-14,1411
"Colorado Springs, CO",15-16,1523
"Colorado Springs, CO",17-18,1891
"Colorado Springs, CO",19-20,1952
"Colorado Springs, CO",21-22,1640
"Columbus, OH",11-12,17074
"Columbus, OH",13-14,15676
"Columbus, OH",15-16,13156
"Columbus, OH",17-18,13210
"Columbus, OH",19-20,12671
"Columbus, OH",21-22,13507
"Corpus Christi, TX",11-12,3602
"Corpus Christi, TX",13-14,3203
"Corpus Christi, TX",15-16,2612
"Corpus Christi, TX",17-18,2469
"Corpus Christi, TX",19-20,2166
"Corpus Christi, TX",21-22,1766
"Covington, KY",11-12,9643
"Covington, KY",13-14,8723
"Covington, KY",15-16,8095
"Covington, KY",17-18,8932
"Covington, KY",19-20,7918
"Covington, KY",21-22,8295
"Crookston, MN",11-12,1315
"Crookston, MN",13-14,1254
"Crookston, MN",15-16,1208
"Crookston, MN",17-18,1327
"Crookston, MN",19-20,1380
"Crookston, MN",21-22,1446
"Dallas, TX",11-12,13902
"Dallas, TX",13-14,14164
"Dallas, TX",15-16,13099
"Dallas, TX",17-18,14145
"Dallas, TX",19-20,11038
"Dallas, TX",21-22,11598
"Davenport, IA",11-12,4785
"Davenport, IA",13-14,4437
"Davenport, IA",15-16,4627
"Davenport, IA",17-18,5125
"Davenport, IA",19-20,5141
"Davenport, IA",21-22,5583
"Denver, CO",11-12,14593
"Denver, CO",13-14,12179
"Denver, CO",15-16,12013
"Denver, CO",17-18,10278
"Denver, CO",19-20,11136
"Denver, CO",21-22,11608
"Des Moines, IA",11-12,5953
"Des Moines, IA",13-14,5829
"Des Moines, IA",15-16,6082
"Des Moines, IA",17-18,5390
"Des Moines, IA",19-20,5157
"Des Moines, IA",21-22,6109
"Detroit, MI",11-12,28620
"Detroit, MI",13-14,29662
"Detroit, MI",15-16,27862
"Detroit, MI",17-18,26328
"Detroit, MI",19-20,21261
"Detroit, MI",21-22,24018
"Dodge City, KS",11-12,994
"Dodge City, KS",13-14,904
"Dodge City, KS",15-16,839
"Dodge City, KS",17-18,544
"Dodge City, KS",19-20,558
"Dodge City, KS",21-22,704
"Dubuque, IA",11-12,12283
"Dubuque, IA",13-14,11353
"Dubuque, IA",15-16,11134
"Dubuque, IA",17-18,11788
"Dubuque, IA",19-20,8751
"Dubuque, IA",21-22,8345
"Duluth, MN",11-12,1470
"Duluth, MN",13-14,1427
"Duluth, MN",15-16,1220
"Duluth, MN",17-18,1052
"Duluth, MN",19-20,925
"Duluth, MN",21-22,1204
"El Paso, TX",11-12,4115
"El Paso, TX",13-14,3977
"El Paso, TX",15-16,3119
"El Paso, TX",17-18,2855
"El Paso, TX",19-20,2283
"El Paso, TX",21-22,2013
"Erie, PA",11-12,7363
"Erie, PA",13-14,5249
"Erie, PA",15-16,4434
"Erie, PA",17-18,5296
"Erie, PA",19-20,4567
"Erie, PA",21-22,5400
"Evansville, IN",11-12,6670
"Evansville, IN",13-14,6161
"Evansville, IN",15-16,4979
"Evansville, IN",17-18,6740
"Evansville, IN",19-20,6214
"Evansville, IN",21-22,6169
"Fairbanks, AK",11-12,491
"Fairbanks, AK",13-14,430
"Fairbanks, AK",15-16,807
"Fairbanks, AK",17-18,420
"Fairbanks, AK",19-20,372
"Fairbanks, AK",21-22,686
"Fall River, MA",11-12,6582
"Fall River, MA",13-14,7071
"Fall River, MA",15-16,4634
"Fall River, MA",17-18,5140
"Fall River, MA",19-20,4751
"Fall River, MA",21-22,5132
"Fargo, ND",11-12,1794
"Fargo, ND",13-14,1822
"Fargo, ND",15-16,1095
"Fargo, ND",17-18,1573
"Fargo, ND",19-20,2808
"Fargo, ND",21-22,2649
"Fresno, CA",11-12,6132
"Fresno, CA",13-14,4268
"Fresno, CA",15-16,4441
"Fresno, CA",17-18,4858
"Fresno, CA",19-20,4045
"Fresno, CA",21-22,3377
"Ft. Wayne-South Bend, IN",11-12,13680
"Ft. Wayne-South Bend, IN",13-14,12792
"Ft. Wayne-South Bend, IN",15-16,12807
"Ft. Wayne-South Bend, IN",17-18,13572
"Ft. Wayne-South Bend, IN",19-20,12058
"Ft. Wayne-South Bend, IN",21-22,12073
"Ft. Worth, TX",11-12,5776
"Ft. Worth, TX",13-14,5696
"Ft. Worth, TX",15-16,5190
"Ft. Worth, TX",17-18,4338
"Ft. Worth, TX",19-20,3777
"Ft. Worth, TX",21-22,3699
"Gallup, NM",11-12,1295
"Gallup, NM",13-14,1239
"Gallup, NM",15-16,1067
"Gallup, NM",17-18,794
"Gallup, NM",19-20,552
"Gallup, NM",21-22,618
"Galveston-Houston, TX",11-12,17888
"Galveston-Houston, TX",13-14,17075
"Galveston-Houston, TX",15-16,17298
"Galveston-Houston, TX",17-18,18734
"Galveston-Houston, TX",19-20,16582
"Galveston-Houston, TX",21-22,13623
"Gary, IN",11-12,6541
"Gary, IN",13-14,5250
"Gary, IN",15-16,5740
"Gary, IN",17-18,4284
"Gary, IN",19-20,4289
"Gary, IN",21-22,5830
"Gaylord, MI",11-12,2521
"Gaylord, MI",13-14,1686
"Gaylord, MI",15-16,1499
"Gaylord, MI",17-18,2648
"Gaylord, MI",19-20,2327
"Gaylord, MI",21-22,1678
"Grand Island, NE",11-12,1244
"Grand Island, NE",13-14,1571
"Grand Island, NE",15-16,1577
"Grand Island, NE",17-18,1549
"Grand Island, NE",19-20,1717
"Grand Island, NE",21-22,1777
"Grand Rapids, MI",11-12,6702
"Grand Rapids, MI",13-14,7353
"Grand Rapids, MI",15-16,5931
"Grand Rapids, MI",17-18,5576
"Grand Rapids, MI",19-20,4631
"Grand Rapids, MI",21-22,6009
"Great Falls-Billings, MT",11-12,2572
"Great Falls-Billings, MT",13-14,1878
"Great Falls-Billings, MT",15-16,1992
"Great Falls-Billings, MT",17-18,1457
"Great Falls-Billings, MT",19-20,975
"Great Falls-Billings, MT",21-22,1918
"Green Bay, WI",11-12,10639
"Green Bay, WI",13-14,11062
"Green Bay, WI",15-16,7297
"Green Bay, WI",17-18,11589
"Green Bay, WI",19-20,12704
"Green Bay, WI",21-22,15191
"Greensburg, PA",11-12,1877
"Greensburg, PA",13-14,2913
"Greensburg, PA",15-16,2885
"Greensburg, PA",17-18,2090
"Greensburg, PA",19-20,2089
"Greensburg, PA",21-22,2722
"Harrisburg, PA",11-12,11129
"Harrisburg, PA",13-14,7234
"Harrisburg, PA",15-16,6252
"Harrisburg, PA",17-18,6530
"Harrisburg, PA",19-20,8228
"Harrisburg, PA",21-22,6946
"Hartford, CT",11-12,15400
"Hartford, CT",13-14,13750
"Hartford, CT",15-16,9729
"Hartford, CT",17-18,10327
"Hartford, CT",19-20,9146
"Hartford, CT",21-22,8343
"Helena, MT",11-12,1183
"Helena, MT",13-14,1380
"Helena, MT",15-16,1588
"Helena, MT",17-18,1006
"Helena, MT",19-20,1382
"Helena, MT",21-22,1336
"Honolulu, HI",11-12,8633
"Honolulu, HI",13-14,8528
"Honolulu, HI",15-16,5785
"Honolulu, HI",17-18,7774
"Honolulu, HI",19-20,6567
"Honolulu, HI",21-22,6368
"Houma-Thibodaux, LA",11-12,5634
"Houma-Thibodaux, LA",13-14,4068
"Houma-Thibodaux, LA",15-16,2834
"Houma-Thibodaux, LA",17-18,3751
"Houma-Thibodaux, LA",19-20,3123
"Houma-Thibodaux, LA",21-22,3889
"Indianapolis, IN",11-12,22528
"Indianapolis, IN",13-14,21888
"Indianapolis, IN",15-16,19580
"Indianapolis, IN",17-18,21757
"Indianapolis, IN",19-20,18697
"Indianapolis, IN",21-22,18689
"Jackson, MS",11-12,4205
"Jackson, MS",13-14,3927
"Jackson, MS",15-16,3361
"Jackson, MS",17-18,3331
"Jackson, MS",19-20,2954
"Jackson, MS",21-22,2479
"Jefferson City, MO",11-12,7117
"Jefferson City, MO",13-14,6448
"Jefferson City, MO",15-16,6478
"Jefferson City, MO",17-18,6484
"Jefferson City, MO",19-20,5666
"Jefferson City, MO",21-22,6544
"Joliet, IL",11-12,20757
"Joliet, IL",13-14,18935
"Joliet, IL",15-16,16964
"Joliet, IL",17-18,15650
"Joliet, IL",19-20,10652
"Joliet, IL",21-22,12980
"Juneau, AK",11-12,92
"Juneau, AK",13-14,78
"Juneau, AK",15-16,57
"Juneau, AK",17-18,80
"Kalamazoo, MI",11-12,3659
"Kalamazoo, MI",13-14,2638
"Kalamazoo, MI",15-16,2598
"Kalamazoo, MI",17-18,2342
"Kalamazoo, MI",19-20,2013
"Kalamazoo, MI",21-22,2383
"Kansas City, KS",11-12,14017
"Kansas City, KS",13-14,11545
"Kansas City, KS",15-16,11287
"Kansas City, KS",17-18,12386
"Kansas City, KS",19-20,10406
"Kansas City, KS",21-22,10863
"Kansas City-St. Joseph, MO",11-12,10820
"Kansas City-St. Joseph, MO",13-14,9910
"Kansas City-St. Joseph, MO",15-16,8684
"Kansas City-St. Joseph, MO",17-18,9091
"Kansas City-St. Joseph, MO",19-20,7583
"Kansas City-St. Joseph, MO",21-22,9038
"Knoxville, TN",11-12,3516
"Knoxville, TN",13-14,3057
"Knoxville, TN",15-16,2058
"Knoxville, TN",17-18,2481
"Knoxville, TN",19-20,2043
"Knoxville, TN",21-22,2657
"La Crosse, WI",11-12,7943
"La Crosse, WI",13-14,6889
"La Crosse, WI",15-16,7067
"La Crosse, WI",17-18,8159
"La Crosse, WI",19-20,8629
"La Crosse, WI",21-22,9193
"Lafayette, IN",11-12,5320
"Lafayette, IN",13-14,5168
"Lafayette, IN",15-16,4395
"Lafayette, IN",17-18,4557
"Lafayette, IN",19-20,4141
"Lafayette, IN",21-22,4823
"Lafayette, LA",11-12,13764
"Lafayette, LA",13-14,12425
"Lafayette, LA",15-16,13952
"Lafayette, LA",17-18,11063
"Lafayette, LA",19-20,9607
"Lafayette, LA",21-22,9349
"Lake Charles, LA",11-12,2204
"Lake Charles, LA",13-14,2344
"Lake Charles, LA",15-16,2622
"Lake Charles, LA",17-18,2691
"Lake Charles, LA",19-20,2487
"Lake Charles, LA",21-22,2053
"Lansing, MI",11-12,8956
"Lansing, MI",13-14,7494
"Lansing, MI",15-16,8685
"Lansing, MI",17-18,8399
"Lansing, MI",19-20,5697
"Lansing, MI",21-22,6318
"Laredo, TX",11-12,1748
"Laredo, TX",13-14,1768
"Laredo, TX",15-16,1701
"Laredo, TX",17-18,1153
"Laredo, TX",19-20,948
"Laredo, TX",21-22,1597
"Las Cruces, NM",11-12,594
"Las Cruces, NM",13-14,534
"Las Cruces, NM",15-16,624
"Las Cruces, NM",17-18,566
"Las Cruces, NM",19-20,161
"Las Cruces, NM",21-22,542
"Las Vegas, NV",11-12,3986
"Las Vegas, NV",13-14,3403
"Las Vegas, NV",15-16,2960
"Las Vegas, NV",17-18,3067
"Las Vegas, NV",19-20,3500
"Las Vegas, NV",21-22,3976
"Lexington, KY",11-12,3940
"Lexington, KY",13-14,3661
"Lexington, KY",15-16,3603
"Lexington, KY",17-18,3509
"Lexington, KY",19-20,2544
"Lexington, KY",21-22,2958
"Lincoln, NE",11-12,8150
"Lincoln, NE",13-14,7742
"Lincoln, NE",15-16,7180
"Lincoln, NE",17-18,7019
"Lincoln, NE",19-20,7819
"Lincoln, NE",21-22,6910
"Little Rock, AR",11-12,7015
"Little Rock, AR",13-14,6206
"Little Rock, AR",15-16,6562
"Little Rock, AR",17-18,6044
"Little Rock, AR",19-20,5297
"Little Rock, AR",21-22,6285
"Los Angeles, CA",11-12,75943
"Los Angeles, CA",13-14,65507
"Los Angeles, CA",15-16,62486
"Los Angeles, CA",17-18,66847
"Los Angeles, CA",19-20,56449
"Los Angeles, CA",21-22,57429
"Louisville, KY",11-12,19212
"Louisville, KY",13-14,19206
"Louisville, KY",15-16,17646
"Louisville, KY",17-18,18110
"Louisville, KY",19-20,16266
"Louisville, KY",21-22,15369
"Lubbock, TX",11-12,54
"Lubbock, TX",13-14,381
"Lubbock, TX",15-16,384
"Lubbock, TX",17-18,472
"Lubbock, TX",19-20,247
"Lubbock, TX",21-22,274
"Madison, WI",11-12,7469
"Madison, WI",13-14,7050
"Madison, WI",15-16,6440
"Madison, WI",17-18,5404
"Madison, WI",19-20,5263
"Madison, WI",21-22,5864
"Manchester, NH",11-12,7355
"Manchester, NH",13-14,6331
"Manchester, NH",15-16,5650
"Manchester, NH",17-18,5953
"Manchester, NH",19-20,5021
"Manchester, NH",21-22,4448
"Marquette, MI",11-12,1435
"Marquette, MI",13-14,1337
"Marquette, MI",15-16,1320
"Marquette, MI",17-18,1057
"Marquette, MI",19-20,1093
"Marquette, MI",21-22,1096
"Memphis, TN",11-12,4766
"Memphis, TN",13-14,4224
"Memphis, TN",15-16,3597
"Memphis, TN",17-18,4985
"Memphis, TN",19-20,2782
"Memphis, TN",21-22,2204
"Metuchen, NJ",11-12,9552
"Metuchen, NJ",13-14,8778
"Metuchen, NJ",15-16,7988
"Metuchen, NJ",17-18,7161
"Metuchen, NJ",19-20,5633
"Metuchen, NJ",21-22,5494
"Miami, FL",11-12,33395
"Miami, FL",13-14,30103
"Miami, FL",15-16,28585
"Miami, FL",17-18,32697
"Miami, FL",19-20,32326
"Miami, FL",21-22,30441
"Milwaukee, WI",11-12,31304
"Milwaukee, WI",13-14,29690
"Milwaukee, WI",15-16,27626
"Milwaukee, WI",17-18,26794
"Milwaukee, WI",19-20,27368
"Milwaukee, WI",21-22,26570
"Mobile, AL",11-12,6185
"Mobile, AL",13-14,5893
"Mobile, AL",15-16,5073
"Mobile, AL",17-18,5516
"Mobile, AL",19-20,4613
"Mobile, AL",21-22,4884
"Monterey, CA",11-12,4390
"Monterey, CA",13-14,4568
"Monterey, CA",15-16,3797
"Monterey, CA",17-18,4507
"Monterey, CA",19-20,3390
"Monterey, CA",21-22,4110
"Nashville, TN",11-12,5219
"Nashville, TN",13-14,4864
"Nashville, TN",15-16,4569
"Nashville, TN",17-18,5045
"Nashville, TN",19-20,4996
"Nashville, TN",21-22,5212
"New Orleans, LA",11-12,33947
"New Orleans, LA",13-14,32005
"New Orleans, LA",15-16,25163
"New Orleans, LA",17-18,29213
"New Orleans, LA",19-20,25258
"New Orleans, LA",21-22,23290
"New Ulm, MN",11-12,2236
"New Ulm, MN",13-14,1838
"New Ulm, MN",15-16,1940
"New Ulm, MN",17-18,2213
"New Ulm, MN",19-20,1977
"New Ulm, MN",21-22,1670
"New York, NY",11-12,65500
"New York, NY",13-14,58697
"New York, NY",15-16,49487
"New York, NY",17-18,47967
"New York, NY",19-20,40417
"New York, NY",21-22,39031
"Newark, NJ",11-12,31959
"Newark, NJ",13-14,28321
"Newark, NJ",15-16,23474
"Newark, NJ",17-18,23534
"Newark, NJ",19-20,19236
"Newark, NJ",21-22,17082
"Norwich, CT",11-12,4871
"Norwich, CT",13-14,3580
"Norwich, CT",15-16,3572
"Norwich, CT",17-18,2720
"Norwich, CT",19-20,2368
"Norwich, CT",21-22,3192
"Oakland, CA",11-12,16764
"Oakland, CA",13-14,16265
"Oakland, CA",15-16,14144
"Oakland, CA",17-18,14308
"Oakland, CA",19-20,13805
"Oakland, CA",21-22,14165
"Ogdensburg, NY",11-12,2256
"Ogdensburg, NY",13-14,2178
"Ogdensburg, NY",15-16,1923
"Ogdensburg, NY",17-18,1714
"Ogdensburg, NY",19-20,1187
"Ogdensburg, NY",21-22,1294
"Oklahoma City, OK",11-12,5233
"Oklahoma City, OK",13-14,4867
"Oklahoma City, OK",15-16,4035
"Oklahoma City, OK",17-18,4279
"Oklahoma City, OK",19-20,3981
"Oklahoma City, OK",21-22,2383
"Omaha, NE",11-12,19184
"Omaha, NE",13-14,17461
"Omaha, NE",15-16,17580
"Omaha, NE",17-18,17619
"Omaha, NE",19-20,13536
"Omaha, NE",21-22,14878
"Orange, CA",11-12,19604
"Orange, CA",13-14,18055
"Orange, CA",15-16,17012
"Orange, CA",17-18,17311
"Orange, CA",19-20,12056
"Orange, CA",21-22,13208
"Orlando, FL",11-12,13167
"Orlando, FL",13-14,12589
"Orlando, FL",15-16,12127
"Orlando, FL",17-18,13003
"Orlando, FL",19-20,13445
"Orlando, FL",21-22,11913
"Owensboro, KY",11-12,4374
"Owensboro, KY",13-14,3500
"Owensboro, KY",15-16,3439
"Owensboro, KY",17-18,3047
"Owensboro, KY",19-20,3344
"Owensboro, KY",21-22,3483
"Palm Beach, FL",11-12,5014
"Palm Beach, FL",13-14,5124
"Palm Beach, FL",15-16,5249
"Palm Beach, FL",17-18,4402
"Palm Beach, FL",19-20,4000
"Palm Beach, FL",21-22,5023
"Paterson, NJ",11-12,11421
"Paterson, NJ",13-14,10270
"Paterson, NJ",15-16,8931
"Paterson, NJ",17-18,6413
"Paterson, NJ",19-20,6854
"Paterson, NJ",21-22,6192
"Pensacola-Tallahassee, FL",11-12,2493
"Pensacola-Tallahassee, FL",13-14,2474
"Pensacola-Tallahassee, FL",15-16,2451
"Pensacola-Tallahassee, FL",17-18,2784
"Pensacola-Tallahassee, FL",19-20,2720
"Pensacola-Tallahassee, FL",21-22,3046
"Peoria, IL",11-12,10718
"Peoria, IL",13-14,9815
"Peoria, IL",15-16,10451
"Peoria, IL",17-18,10181
"Peoria, IL",19-20,8903
"Peoria, IL",21-22,9507
"Philadelphia, PA",11-12,67346
"Philadelphia, PA",13-14,52432
"Philadelphia, PA",15-16,46393
"Philadelphia, PA",17-18,48013
"Philadelphia, PA",19-20,47903
"Philadelphia, PA",21-22,44957
"Phoenix, AZ",11-12,13978
"Phoenix, AZ",13-14,12007
"Phoenix, AZ",15-16,13342
"Phoenix, AZ",17-18,13115
"Phoenix, AZ",19-20,11991
"Phoenix, AZ",21-22,14420
"Pittsburgh, PA",11-12,17002
"Pittsburgh, PA",13-14,15267
"Pittsburgh, PA",15-16,12694
"Pittsburgh, PA",17-18,12620
"Pittsburgh, PA",19-20,12962
"Pittsburgh, PA",21-22,10374
"Portland, ME",11-12,3160
"Portland, ME",13-14,2194
"Portland, ME",15-16,2102
"Portland, ME",17-18,2279
"Portland, ME",19-20,2013
"Portland, ME",21-22,2363
"Portland, OR",11-12,14339
"Portland, OR",13-14,13830
"Portland, OR",15-16,13454
"Portland, OR",17-18,12324
"Portland, OR",19-20,11643
"Portland, OR",21-22,11714
"Providence, RI",11-12,14112
"Providence, RI",13-14,12894
"Providence, RI",15-16,8911
"Providence, RI",17-18,8957
"Providence, RI",19-20,7700
"Providence, RI",21-22,9058
"Pueblo, CO",11-12,971
"Pueblo, CO",13-14,1003
"Pueblo, CO",15-16,1014
"Pueblo, CO",17-18,1136
"Pueblo, CO",19-20,918
"Pueblo, CO",21-22,1046
"Raleigh, NC",11-12,8290
"Raleigh, NC",13-14,7064
"Raleigh, NC",15-16,7228
"Raleigh, NC",17-18,5789
"Raleigh, NC",19-20,6472
"Raleigh, NC",21-22,8425
"Rapid City, SD",11-12,1440
"Rapid City, SD",13-14,1725
"Rapid City, SD",15-16,1118
"Rapid City, SD",17-18,1477
"Rapid City, SD",19-20,1069
"Rapid City, SD",21-22,1155
"Reno, NV",11-12,1802
"Reno, NV",13-14,1189
"Reno, NV",15-16,1751
"Reno, NV",17-18,1743
"Reno, NV",19-20,1768
"Reno, NV",21-22,1879
"Richmond, VA",11-12,9248
"Richmond, VA",13-14,9265
"Richmond, VA",15-16,8000
"Richmond, VA",17-18,8749
"Richmond, VA",19-20,7384
"Richmond, VA",21-22,9202
"Rochester, NY",11-12,8171
"Rochester, NY",13-14,7241
"Rochester, NY",15-16,6328
"Rochester, NY",17-18,5575
"Rochester, NY",19-20,5471
"Rochester, NY",21-22,5845
"Rockford, IL",11-12,14027
"Rockford, IL",13-14,13128
"Rockford, IL",15-16,10691
"Rockford, IL",17-18,11354
"Rockford, IL",19-20,8863
"Rockford, IL",21-22,7467
"Rockville Centre, NY",11-12,28963
"Rockville Centre, NY",13-14,25581
"Rockville Centre, NY",15-16,23245
"Rockville Centre, NY",17-18,20267
"Rockville Centre, NY",19-20,16946
"Rockville Centre, NY",21-22,15106
"Sacramento, CA",11-12,13845
"Sacramento, CA",13-14,13371
"Sacramento, CA",15-16,11764
"Sacramento, CA",17-18,11972
"Sacramento, CA",19-20,11320
"Sacramento, CA",21-22,11599
"Saginaw, MI",11-12,3336
"Saginaw, MI",13-14,2990
"Saginaw, MI",15-16,2010
"Saginaw, MI",17-18,1917
"Saginaw, MI",19-20,1882
"Saginaw, MI",21-22,1961
"Salina, KS",11-12,2547
"Salina, KS",13-14,2632
"Salina, KS",15-16,2417
"Salina, KS",17-18,1924
"Salina, KS",19-20,2267
"Salina, KS",21-22,2036
"Salt Lake, UT",11-12,5578
"Salt Lake, UT",13-14,5187
"Salt Lake, UT",15-16,5119
"Salt Lake, UT",17-18,5102
"Salt Lake, UT",19-20,4000
"Salt Lake, UT",21-22,3194
"San Angelo, TX",11-12,654
"San Angelo, TX",13-14,748
"San Angelo, TX",15-16,861
"San Angelo, TX",17-18,900
"San Angelo, TX",19-20,886
"San Angelo, TX",21-22,794
"San Antonio, TX",11-12,12590
"San Antonio, TX",13-14,10958
"San Antonio, TX",15-16,9822
"San Antonio, TX",17-18,8118
"San Antonio, TX",19-20,7428
"San Antonio, TX",21-22,8520
"San Bernardino, CA",11-12,7300
"San Bernardino, CA",13-14,6192
"San Bernardino, CA",15-16,7371
"San Bernardino, CA",17-18,7887
"San Bernardino, CA",19-20,6014
"San Bernardino, CA",21-22,5335
"San Diego, CA",11-12,16437
"San Diego, CA",13-14,14278
"San Diego, CA",15-16,13315
"San Diego, CA",17-18,13068
"San Diego, CA",19-20,11197
"San Diego, CA",21-22,13490
"San Francisco, CA",11-12,24023
"San Francisco, CA",13-14,20701
"San Francisco, CA",15-16,20804
"San Francisco, CA",17-18,22642
"San Francisco, CA",19-20,16601
"San Francisco, CA",21-22,18296
"San Jose, CA",11-12,14848
"San Jose, CA",13-14,14027
"San Jose, CA",15-16,11201
"San Jose, CA",17-18,13057
"San Jose, CA",19-20,14376
"San Jose, CA",21-22,14217
"Santa Fe, NM",11-12,5273
"Santa Fe, NM",13-14,2575
"Santa Fe, NM",15-16,3376
"Santa Fe, NM",17-18,2854
"Santa Fe, NM",19-20,3113
"Santa Fe, NM",21-22,3330
"Santa Rosa, CA",11-12,3950
"Santa Rosa, CA",13-14,3920
"Santa Rosa, CA",15-16,4105
"Santa Rosa, CA",17-18,5932
"Santa Rosa, CA",19-20,5384
"Santa Rosa, CA",21-22,3531
"Savannah, GA",11-12,4505
"Savannah, GA",13-14,5062
"Savannah, GA",15-16,4105
"Savannah, GA",17-18,3815
"Savannah, GA",19-20,3597
"Savannah, GA",21-22,4824
"Scranton, PA",11-12,5950
"Scranton, PA",13-14,3380
"Scranton, PA",15-16,4759
"Scranton, PA",17-18,5896
"Scranton, PA",19-20,5433
"Scranton, PA",21-22,5541
"Seattle, WA",11-12,20295
"Seattle, WA",13-14,21107
"Seattle, WA",15-16,18509
"Seattle, WA",17-18,16774
"Seattle, WA",19-20,14679
"Seattle, WA",21-22,16735
"Shreveport, LA",11-12,1981
"Shreveport, LA",13-14,1730
"Shreveport, LA",15-16,2009
"Shreveport, LA",17-18,1508
"Shreveport, LA",19-20,1683
"Shreveport, LA",21-22,1623
"Sioux City, IA",11-12,6073
"Sioux City, IA",13-14,4838
"Sioux City, IA",15-16,5493
"Sioux City, IA",17-18,5974
"Sioux City, IA",19-20,6619
"Sioux City, IA",21-22,7010
"Sioux Falls, SD",11-12,5285
"Sioux Falls, SD",13-14,3312
"Sioux Falls, SD",15-16,3169
"Sioux Falls, SD",17-18,4196
"Sioux Falls, SD",19-20,4348
"Sioux Falls, SD",21-22,5913
"Spokane, WA",11-12,4587
"Spokane, WA",13-14,4179
"Spokane, WA",15-16,3497
"Spokane, WA",17-18,4480
"Spokane, WA",19-20,3527
"Spokane, WA",21-22,4498
"Springfield, IL",11-12,10103
"Springfield, IL",13-14,8691
"Springfield, IL",15-16,8891
"Springfield, IL",17-18,9837
"Springfield, IL",19-20,8311
"Springfield, IL",21-22,7888
"Springfield, MA",11-12,4212
"Springfield, MA",13-14,3691
"Springfield, MA",15-16,3572
"Springfield, MA",17-18,2951
"Springfield, MA",19-20,2536
"Springfield, MA",21-22,2913
"Springfield-Cape Girardeau, MO",11-12,4549
"Springfield-Cape Girardeau, MO",13-14,3511
"Springfield-Cape Girardeau, MO",15-16,3935
"Springfield-Cape Girardeau, MO",17-18,3493
"Springfield-Cape Girardeau, MO",19-20,3087
"Springfield-Cape Girardeau, MO",21-22,3809
"St. Augustine, FL",11-12,10210
"St. Augustine, FL",13-14,10622
"St. Augustine, FL",15-16,10242
"St. Augustine, FL",17-18,10236
"St. Augustine, FL",19-20,7072
"St. Augustine, FL",21-22,8529
"St. Cloud, MN",11-12,5554
"St. Cloud, MN",13-14,5248
"St. Cloud, MN",15-16,4361
"St. Cloud, MN",17-18,4769
"St. Cloud, MN",19-20,4868
"St. Cloud, MN",21-22,4653
"St. Louis, MO",11-12,41476
"St. Louis, MO",13-14,37444
"St. Louis, MO",15-16,30466
"St. Louis, MO",17-18,32103
"St. Louis, MO",19-20,29380
"St. Louis, MO",21-22,30144
"St. Paul-Minneapolis, MN",11-12,30580
"St. Paul-Minneapolis, MN",13-14,25299
"St. Paul-Minneapolis, MN",15-16,20692
"St. Paul-Minneapolis, MN",17-18,24154
"St. Paul-Minneapolis, MN",19-20,17458
"St. Paul-Minneapolis, MN",21-22,24543
"St. Petersburg, FL",11-12,11275
"St. Petersburg, FL",13-14,9469
"St. Petersburg, FL",15-16,10328
"St. Petersburg, FL",17-18,10433
"St. Petersburg, FL",19-20,11102
"St. Petersburg, FL",21-22,12790
"Steubenville, OH",11-12,2154
"Steubenville, OH",13-14,2054
"Steubenville, OH",15-16,1963
"Steubenville, OH",17-18,1455
"Steubenville, OH",19-20,1619
"Steubenville, OH",21-22,1278
"Stockton, CA",11-12,4081
"Stockton, CA",13-14,3690
"Stockton, CA",15-16,3748
"Stockton, CA",17-18,3606
"Stockton, CA",19-20,3009
"Stockton, CA",21-22,3850
"Superior, WI",11-12,2425
"Superior, WI",13-14,2272
"Superior, WI",15-16,2049
"Superior, WI",17-18,1657
"Superior, WI",19-20,1605
"Superior, WI",21-22,1641
"Syracuse, NY",11-12,6217
"Syracuse, NY",13-14,5497
"Syracuse, NY",15-16,4499
"Syracuse, NY",17-18,3836
"Syracuse, NY",19-20,4304
"Syracuse, NY",21-22,3430
"Toledo, OH",11-12,19049
"Toledo, OH",13-14,17926
"Toledo, OH",15-16,12944
"Toledo, OH",17-18,15716
"Toledo, OH",19-20,15212
"Toledo, OH",21-22,14886
"Trenton, NJ",11-12,19180
"Trenton, NJ",13-14,17816
"Trenton, NJ",15-16,14337
"Trenton, NJ",17-18,12766
"Trenton, NJ",19-20,11117
"Trenton, NJ",21-22,9802
"Tucson, AZ",11-12,6126
"Tucson, AZ",13-14,5836
"Tucson, AZ",15-16,3739
"Tucson, AZ",17-18,5372
"Tucson, AZ",19-20,4638
"Tucson, AZ",21-22,5841
"Tulsa, OK",11-12,4587
"Tulsa, OK",13-14,3413
"Tulsa, OK",15-16,3641
"Tulsa, OK",17-18,4094
"Tulsa, OK",19-20,3691
"Tulsa, OK",21-22,3558
"Tyler, TX",11-12,1078
"Tyler, TX",13-14,677
"Tyler, TX",15-16,943
"Tyler, TX",17-18,289
"Tyler, TX",19-20,267
"Tyler, TX",21-22,484
"Venice, FL",11-12,4745
"Venice, FL",13-14,4111
"Venice, FL",15-16,3013
"Venice, FL",17-18,4647
"Venice, FL",19-20,4308
"Venice, FL",21-22,4250
"Victoria, TX",11-12,2852
"Victoria, TX",13-14,2495
"Victoria, TX",15-16,2767
"Victoria, TX",17-18,2569
"Victoria, TX",19-20,2319
"Victoria, TX",21-22,2674
"Washington, DC",11-12,26380
"Washington, DC",13-14,23378
"Washington, DC",15-16,21592
"Washington, DC",17-18,23254
"Washington, DC",19-20,23510
"Washington, DC",21-22,24527
"Wheeling-Charleston, WV",11-12,5514
"Wheeling-Charleston, WV",13-14,5443
"Wheeling-Charleston, WV",15-16,5311
"Wheeling-Charleston, WV",17-18,4935
"Wheeling-Charleston, WV",19-20,4394
"Wheeling-Charleston, WV",21-22,4115
"Wichita, KS",11-12,10295
"Wichita, KS",13-14,7546
"Wichita, KS",15-16,8350
"Wichita, KS",17-18,9025
"Wichita, KS",19-20,9786
"Wichita, KS",21-22,6936
"Wilmington, DE",11-12,11064
"Wilmington, DE",13-14,10145
"Wilmington, DE",15-16,7375
"Wilmington, DE",17-18,7608
"Wilmington, DE",19-20,6320
"Wilmington, DE",21-22,6372
"Winona, MN",11-12,5065
"Winona, MN",13-14,5864
"Winona, MN",15-16,3350
"Winona, MN",17-18,4330
"Winona, MN",19-20,3971
"Winona, MN",21-22,4315
"Worcester, MA",11-12,7732
"Worcester, MA",13-14,6364
"Worcester, MA",15-16,4283
"Worcester, MA",17-18,5330
"Worcester, MA",19-20,5164
"Worcester, MA",21-22,4057
"Yakima, WA",11-12,998
"Yakima, WA",13-14,1053
"Yakima, WA",15-16,1543
"Yakima, WA",17-18,1593
"Yakima, WA",19-20,1734
"Yakima, WA",21-22,1694
"Youngstown, OH",11-12,8051
"Youngstown, OH",13-14,8007
"Youngstown, OH",15-16,7790
"Youngstown, OH",17-18,7261
"Youngstown, OH",19-20,6066
"Youngstown, OH",21-22,6645
